{"Driver": 0.02856440469622612, "Team": 0.026486117392778397, "Circuit": 0.0306885726749897, "GridPosition": 0.08655774593353271, "QualiPosition": 0.7161523699760437, "Rainfall": 0.039839666336774826, "AirTemp": 0.022131146863102913, "TrackTemp": 0.017394067719578743, "StandingPoints": 0.02515733614563942, "HomeRace": 0.007028532680124044}