{"Driver": 0.02851957455277443, "Team": 0.04998084902763367, "Circuit": 0.028005558997392654, "GridPosition": 0.09938418120145798, "QualiPosition": 0.6380013823509216, "Rainfall": 0.04482761770486832, "AirTemp": 0.0277895238250494, "TrackTemp": 0.02509516291320324, "StandingPoints": 0.0485835075378418, "HomeRace": 0.009812599048018456}