{"Driver": 0.027841579169034958, "Team": 0.043259233236312866, "Circuit": 0.028620660305023193, "GridPosition": 0.0807068720459938, "QualiPosition": 0.6837242245674133, "Rainfall": 0.041817810386419296, "AirTemp": 0.02669205330312252, "TrackTemp": 0.018706709146499634, "StandingPoints": 0.0435885488986969, "HomeRace": 0.005042416974902153}