{"Driver": 0.03484518080949783, "Team": 0.07670814543962479, "Circuit": 0.030435778200626373, "GridPosition": 0.06914518028497696, "QualiPosition": 0.5988401174545288, "Rainfall": 0.04481394588947296, "AirTemp": 0.031896211206912994, "TrackTemp": 0.036804135888814926, "StandingPoints": 0.0465606190264225, "HomeRace": 0.02995077706873417}