{"Driver": 0.5841235518455505, "Team": 0.11460457742214203, "Circuit": 1.051560640335083, "GridPosition": 1.5089774131774902, "QualiPosition": 5.158201217651367, "Rainfall": 0.060700587928295135, "AirTemp": 0.1314813196659088, "TrackTemp": 0.5694883465766907, "StandingPoints": 1.7810479402542114, "HomeRace": 0.0037839296273887157}