{"Driver": 0.3904055058956146, "Team": 0.488506019115448, "Circuit": 0.5314520597457886, "GridPosition": 1.9397491216659546, "QualiPosition": 2.9086294174194336, "Rainfall": 0.1315198540687561, "AirTemp": 0.3998551070690155, "TrackTemp": 0.2758229970932007, "StandingPoints": 0.9004544615745544, "HomeRace": 0.0008275259751826525}