{"Driver": 0.4336404502391815, "Team": 0.5172579288482666, "Circuit": 0.2696579098701477, "GridPosition": 1.6312980651855469, "QualiPosition": 2.783818006515503, "Rainfall": 0.15597228705883026, "AirTemp": 0.398995578289032, "TrackTemp": 0.42278504371643066, "StandingPoints": 1.0580788850784302, "HomeRace": 0.002079777652397752}