{"Driver": 0.3666907250881195, "Team": 0.4817303419113159, "Circuit": 0.3925555944442749, "GridPosition": 1.566124677658081, "QualiPosition": 2.79658842086792, "Rainfall": 0.22740322351455688, "AirTemp": 0.4405074417591095, "TrackTemp": 0.3908845782279968, "StandingPoints": 1.035712480545044, "HomeRace": 0.0012004299787804484}